Classifier,Accuracy,Precision,Recall,F1-score,Support
Logistic Regression,0.7877618522601985,0.7829130235262971,0.7877618522601985,0.7800264006628838,3628
Decision Tree,0.8751378169790518,0.8746686009379122,0.8751378169790518,0.8748713431484652,3628
XGBoost,0.8442668136714443,0.8428267748425883,0.8442668136714443,0.8401809528584786,3628
K Nearest Neighbor,0.8098125689084895,0.8063993541420571,0.8098125689084895,0.804041882714979,3628
Random Forest,0.9032524807056229,0.9027578865086655,0.9032524807056229,0.9020799901745873,3628
